Apartment,Google,Facebook,Mala Project,Wah Fung,Baekjeong,Central Park,Barclay,Flushings,Average,Wt. Average
"635 W 42nd St, New York, NY 10036",16,31,34,29,25,20,41,57,31.625,25.427672955974842
The Standard High Line,8,16,18,21,21,21,32,55,24.0,14.536163522012579
"76 E 1st St, New York, NY 10009",12,12,6,13,17,22,23,55,20.0,12.10691823899371
Cocoa Exchange 1 Wall Street Court,18,21,24,17,23,26,17,59,25.625,20.336477987421386
310 East 23 Street New York,18,14,13,22,15,33,34,51,25.0,16.7625786163522
Empire State Building,15,12,19,13,2,15,25,46,18.375,13.617924528301886
